id;first_name;last_name;email
1;Dag;Telling;dtelling0@dyndns.org
2;Allegra;Meaker;ameaker1@sourceforge.net
3;Sylas;Daville;sdaville2@technorati.com
4;Bartlett;Borleace;bborleace3@yahoo.co.jp
5;Hershel;Ivantyev;hivantyev4@delicious.com
6;Morissa;Pleasants;mpleasants5@digg.com
7;Franny;Gerrell;fgerrell6@hostgator.com
8;Lorinda;Grief;lgrief7@ifeng.com
9;Garth;Falkinder;gfalkinder8@ezinearticles.com
10;Mehetabel;Bridgnell;mbridgnell9@bbb.org
11;Darda;Coneron;dconerona@hostgator.com
12;Carmela;Behagg;cbehaggb@uol.com.br
13;Yolande;Bromhead;ybromheadc@sohu.com
14;Balduin;Prangle;bprangled@epa.gov
15;Isadore;Splaven;isplavene@ca.gov
16;Maris;Coult;mcoultf@ask.com
17;Alvie;Rapps;arappsg@reverbnation.com
18;Cyrill;Beech;cbeechh@cbc.ca
19;Neilla;Sallier;nsallieri@skype.com
20;Beatriz;Vernalls;bvernallsj@tinypic.com
21;Bobby;De Mattei;bdematteik@bloglovin.com
22;Jackqueline;Kale;jkalel@wunderground.com
23;Rafaello;Estable;restablem@nps.gov
24;Wayland;Mion;wmionn@tiny.cc
25;Stephi;Micklewicz;smicklewiczo@1und1.de
26;Teddi;Fawlo;tfawlop@ning.com
27;Carmen;Fedder;cfedderq@hugedomains.com
28;Auberta;McGahy;amcgahyr@w3.org
29;Simone;Hannen;shannens@ocn.ne.jp
30;Nevile;Lanfer;nlanfert@slate.com
31;Morgun;Rodgier;mrodgieru@epa.gov
32;Dame;Futter;dfutterv@rediff.com
33;Alfy;Speir;aspeirw@nasa.gov
34;Ronni;Stapleford;rstaplefordx@amazon.com
35;Orren;Euels;oeuelsy@naver.com
36;Almeda;Durston;adurstonz@over-blog.com
37;Nonie;Eisold;neisold10@alibaba.com
38;Sinclair;Salzberger;ssalzberger11@businessweek.com
39;Onofredo;Tallach;otallach12@un.org
40;Mimi;Simkovitz;msimkovitz13@nationalgeographic.com
41;Rosene;Mullane;rmullane14@google.com
42;Shannan;Lyster;slyster15@google.de
43;Mauricio;Polon;mpolon16@miitbeian.gov.cn
44;Clarette;Dungee;cdungee17@scribd.com
45;My;Surridge;msurridge18@state.tx.us
46;Marchall;Royds;mroyds19@ameblo.jp
47;Hubert;Saiens;hsaiens1a@homestead.com
48;Rakel;Corcut;rcorcut1b@t.co
49;Ludvig;Labroue;llabroue1c@comsenz.com
50;Osborne;Tongue;otongue1d@arizona.edu
51;Anderson;Pahlsson;apahlsson1e@accuweather.com
52;Sydney;Fortnum;sfortnum1f@pcworld.com
53;Laurette;Aishford;laishford1g@independent.co.uk
54;Levi;Spiers;lspiers1h@friendfeed.com
55;Nichole;Hannigane;nhannigane1i@theguardian.com
56;Kristel;Ferrolli;kferrolli1j@github.com
57;Carlyle;Mumbray;cmumbray1k@yahoo.com
58;Loleta;Farnsworth;lfarnsworth1l@washington.edu
59;Roselia;Cattrall;rcattrall1m@adobe.com
60;Tann;Rosterne;trosterne1n@jugem.jp
61;Maddy;Logue;mlogue1o@ucla.edu
62;Petra;Siggs;psiggs1p@addtoany.com
63;Hiram;Baurerich;hbaurerich1q@pcworld.com
64;Cchaddie;Jeckells;cjeckells1r@goo.ne.jp
65;Eveline;Whatmough;ewhatmough1s@marketwatch.com
66;Gardner;Matyas;gmatyas1t@mysql.com
67;Tiff;Kesey;tkesey1u@buzzfeed.com
68;Richardo;Dannell;rdannell1v@bloglines.com
69;Mollie;Furlow;mfurlow1w@google.com.br
70;Kimberli;Redsall;kredsall1x@w3.org
71;Bartram;Goodacre;bgoodacre1y@hibu.com
72;Kylie;Silcox;ksilcox1z@cisco.com
73;Raphaela;Robrose;rrobrose20@vimeo.com
74;Annalise;Silvers;asilvers21@slashdot.org
75;Ernaline;Plinck;eplinck22@nsw.gov.au
76;Milly;Meriel;mmeriel23@deviantart.com
77;Haven;Senn;hsenn24@goo.gl
78;Tildi;Jochens;tjochens25@unicef.org
79;Hedwiga;Baskeyfield;hbaskeyfield26@xrea.com
80;Farleigh;Fife;ffife27@huffingtonpost.com
81;Sibeal;Kemwall;skemwall28@bizjournals.com
82;Hamlen;Corlett;hcorlett29@barnesandnoble.com
83;Ninetta;O'Regan;noregan2a@issuu.com
84;Trix;Clewes;tclewes2b@cnbc.com
85;Lucais;Mairs;lmairs2c@free.fr
86;Noble;Bayfield;nbayfield2d@domainmarket.com
87;Sela;Machan;smachan2e@etsy.com
88;Moore;Wilkison;mwilkison2f@parallels.com
89;Ina;Feldhorn;ifeldhorn2g@twitpic.com
90;Hazel;Jouanot;hjouanot2h@usda.gov
91;Wallie;Veasey;wveasey2i@liveinternet.ru
92;Forrester;Domingues;fdomingues2j@goo.ne.jp
93;Madison;Wassung;mwassung2k@tmall.com
94;Stephana;Canti;scanti2l@state.tx.us
95;Constantine;Highway;chighway2m@unicef.org
96;Clayson;Dawtry;cdawtry2n@europa.eu
97;Sebastiano;Komorowski;skomorowski2o@csmonitor.com
98;Hubey;De Bischop;hdebischop2p@google.nl
99;Bevvy;Brownell;bbrownell2q@altervista.org
100;Brandais;Ivy;bivy2r@blogtalkradio.com
101;Stacy;Hartnell;shartnell2s@dailymotion.com
102;Micheline;Tabner;mtabner2t@google.de
103;Edlin;Cranshaw;ecranshaw2u@soup.io
104;Sharon;Roistone;sroistone2v@wikia.com
105;Krystalle;Burns;kburns2w@cnn.com
106;Alexandros;Eliez;aeliez2x@free.fr
107;Eustacia;Bartrop;ebartrop2y@scribd.com
108;Gratia;Stathor;gstathor2z@boston.com
109;Shandra;Hellyar;shellyar30@ask.com
110;Ingaberg;Hawton;ihawton31@wiley.com
111;Marisa;Blakeman;mblakeman32@github.io
112;Flory;Pogosian;fpogosian33@vkontakte.ru
113;Felicio;Coit;fcoit34@tripadvisor.com
114;Bartolemo;Couroy;bcouroy35@wisc.edu
115;Shirleen;Attwoul;sattwoul36@illinois.edu
116;Ginnifer;Canadine;gcanadine37@acquirethisname.com
117;Tucky;Byrkmyr;tbyrkmyr38@slideshare.net
118;D'arcy;Garrattley;dgarrattley39@blinklist.com
119;Baldwin;A'Barrow;babarrow3a@webnode.com
120;Jasmin;Houseman;jhouseman3b@clickbank.net
121;Briney;Conville;bconville3c@uiuc.edu
122;Jarret;Dobrowski;jdobrowski3d@spotify.com
123;Beilul;Makinson;bmakinson3e@uol.com.br
124;Leroi;Clinch;lclinch3f@ftc.gov
125;Sergei;Joris;sjoris3g@google.es
126;Christabella;Ambrose;cambrose3h@vkontakte.ru
127;Tan;Bruyntjes;tbruyntjes3i@sohu.com
128;Marylou;Gantzer;mgantzer3j@reverbnation.com
129;Kylen;Gordon-Giles;kgordongiles3k@paypal.com
130;Nettle;Teresse;nteresse3l@jigsy.com
131;Kyle;Braunston;kbraunston3m@instagram.com
132;Oneida;Tate;otate3n@blog.com
133;Otho;Moloney;omoloney3o@bbc.co.uk
134;Rory;Northcott;rnorthcott3p@moonfruit.com
135;Hogan;Krollmann;hkrollmann3q@bloglovin.com
136;Star;Dunham;sdunham3r@t.co
137;Erastus;Kennaway;ekennaway3s@51.la
138;Merrili;Szymczyk;mszymczyk3t@dot.gov
139;Lynnette;Yannikov;lyannikov3u@washingtonpost.com
140;Druci;Larrington;dlarrington3v@microsoft.com
141;Siobhan;Domniney;sdomniney3w@fotki.com
142;Allison;Machan;amachan3x@howstuffworks.com
143;Duffie;Jefferys;djefferys3y@adobe.com
144;Yvonne;Morillas;ymorillas3z@ustream.tv
145;Avram;Leeman;aleeman40@usatoday.com
146;Madeleine;Petford;mpetford41@tiny.cc
147;Abbot;Laughren;alaughren42@myspace.com
148;Elsy;Dowley;edowley43@webs.com
149;Ernest;Crosio;ecrosio44@google.nl
150;Mahala;MacCardle;mmaccardle45@epa.gov
151;Diego;Merkle;dmerkle46@apple.com
152;Kania;Lethem;klethem47@trellian.com
153;Pippy;Blanchet;pblanchet48@baidu.com
154;Dannie;Joss;djoss49@ucsd.edu
155;Lodovico;Clemitt;lclemitt4a@rambler.ru
156;Kelvin;Burnsall;kburnsall4b@skyrock.com
157;Creigh;Langford;clangford4c@comcast.net
158;Felice;Pickthorn;fpickthorn4d@pen.io
159;Vera;Halwill;vhalwill4e@histats.com
160;Ruy;McGhie;rmcghie4f@businessweek.com
161;Kalil;Leroy;kleroy4g@sciencedirect.com
162;Dene;Caron;dcaron4h@chron.com
163;Tanitansy;Cutbush;tcutbush4i@yelp.com
164;Noby;Storms;nstorms4j@hostgator.com
165;Gray;Roderham;groderham4k@diigo.com
166;Page;Tennock;ptennock4l@networkadvertising.org
167;Arnie;Qusklay;aqusklay4m@nasa.gov
168;Shea;Galletley;sgalletley4n@jimdo.com
169;Jerrold;Borles;jborles4o@deliciousdays.com
170;Arni;Lockhart;alockhart4p@pcworld.com
171;Vittoria;Jesson;vjesson4q@flickr.com
172;Aurel;Slaymaker;aslaymaker4r@admin.ch
173;Agace;Bansal;abansal4s@newyorker.com
174;Alikee;Ayrton;aayrton4t@wufoo.com
175;Judah;Deave;jdeave4u@soundcloud.com
176;Ripley;Battisson;rbattisson4v@kickstarter.com
177;Gabbie;Sirmond;gsirmond4w@goodreads.com
178;Bobbee;Rochewell;brochewell4x@ezinearticles.com
179;Christoffer;Artingstall;cartingstall4y@google.ru
180;Valdemar;Sulley;vsulley4z@vinaora.com
181;Normy;Marrows;nmarrows50@usnews.com
182;Caddric;Corry;ccorry51@so-net.ne.jp
183;Clarence;Hessentaler;chessentaler52@discovery.com
184;Vivianne;Tinkler;vtinkler53@amazon.co.uk
185;Langston;Rambaut;lrambaut54@prlog.org
186;Reamonn;Jagson;rjagson55@artisteer.com
187;Miquela;Findlater;mfindlater56@cbsnews.com
188;Cherida;Bresson;cbresson57@yale.edu
189;Cristabel;Athey;cathey58@privacy.gov.au
190;Munroe;Ferrotti;mferrotti59@opera.com
191;Betsey;De Maine;bdemaine5a@tuttocitta.it
192;Thacher;Duigan;tduigan5b@reddit.com
193;Dino;Jowett;djowett5c@last.fm
194;Joya;Rolston;jrolston5d@blinklist.com
195;Freida;Leethem;fleethem5e@yahoo.co.jp
196;Alwin;Guidone;aguidone5f@comsenz.com
197;Yettie;Hamlen;yhamlen5g@php.net
198;Marc;Paff;mpaff5h@oracle.com
199;Loydie;Sedgmond;lsedgmond5i@ycombinator.com
200;Marylin;Shacklady;mshacklady5j@yellowbook.com
201;Allyn;Selkirk;aselkirk5k@home.pl
202;Ezmeralda;M'Barron;embarron5l@yellowbook.com
203;Hortense;Plaice;hplaice5m@theglobeandmail.com
204;Gillie;Ornells;gornells5n@miitbeian.gov.cn
205;Sidnee;Cleobury;scleobury5o@friendfeed.com
206;Aggy;Simnor;asimnor5p@elegantthemes.com
207;Thea;Linstead;tlinstead5q@studiopress.com
208;Twyla;Durbyn;tdurbyn5r@google.fr
209;Kati;Airds;kairds5s@wikimedia.org
210;Gladi;Tack;gtack5t@eepurl.com
211;Jethro;Heinle;jheinle5u@smugmug.com
212;Raphaela;Botly;rbotly5v@altervista.org
213;Arluene;Crumpe;acrumpe5w@guardian.co.uk
214;Jeniffer;Maplestone;jmaplestone5x@usnews.com
215;Isabella;Clemmey;iclemmey5y@discuz.net
216;Shalom;Killingback;skillingback5z@jugem.jp
217;Isac;Dukesbury;idukesbury60@t-online.de
218;Hortensia;Nozzolinii;hnozzolinii61@homestead.com
219;Nathanil;Krammer;nkrammer62@pen.io
220;Perry;Boughtflower;pboughtflower63@shinystat.com
221;Sylvan;Mum;smum64@topsy.com
222;Clara;Dorset;cdorset65@unc.edu
223;Elaina;Charity;echarity66@163.com
224;Shea;Ragg;sragg67@simplemachines.org
225;Kile;Masterton;kmasterton68@constantcontact.com
226;Harrietta;Dailly;hdailly69@so-net.ne.jp
227;Rand;Dearing;rdearing6a@howstuffworks.com
228;Kleon;Websdale;kwebsdale6b@state.tx.us
229;Barris;Walhedd;bwalhedd6c@techcrunch.com
230;Ahmed;Tidgewell;atidgewell6d@tumblr.com
231;Zuzana;Solomonides;zsolomonides6e@smh.com.au
232;Sidonnie;Eldrett;seldrett6f@example.com
233;Waylin;O'Carran;wocarran6g@wikispaces.com
234;Justis;O'Corhane;jocorhane6h@goo.gl
235;Alaster;Dunk;adunk6i@upenn.edu
236;Milo;Cornwall;mcornwall6j@tumblr.com
237;Arlin;Forbear;aforbear6k@whitehouse.gov
238;Beth;Domanski;bdomanski6l@sogou.com
239;Antone;Waterdrinker;awaterdrinker6m@cdbaby.com
240;Harris;Tuther;htuther6n@tinyurl.com
241;Torr;Marchello;tmarchello6o@a8.net
242;Arvy;Goshawk;agoshawk6p@twitpic.com
243;Kathi;Tolworthie;ktolworthie6q@icq.com
244;Murielle;Scotchmur;mscotchmur6r@friendfeed.com
245;Cletis;Hallwood;challwood6s@infoseek.co.jp
246;Louie;Setford;lsetford6t@gravatar.com
247;Herold;Pinare;hpinare6u@dailymail.co.uk
248;Grannie;Geck;ggeck6v@slashdot.org
249;Charmine;Burborough;cburborough6w@blogger.com
250;Johnny;Bril;jbril6x@topsy.com
251;Talyah;Spens;tspens6y@studiopress.com
252;Renaldo;Mewe;rmewe6z@bluehost.com
253;Alfredo;Haysham;ahaysham70@godaddy.com
254;Klemens;Reddihough;kreddihough71@phpbb.com
255;Emanuele;Wilden;ewilden72@tamu.edu
256;Bruis;Persehouse;bpersehouse73@tripadvisor.com
257;Elfreda;Vanes;evanes74@rambler.ru
258;Dale;Hubatsch;dhubatsch75@mysql.com
259;Roddie;Carvell;rcarvell76@mail.ru
260;Gretel;Claydon;gclaydon77@de.vu
261;Alasdair;Wildash;awildash78@is.gd
262;Gustaf;Graddell;ggraddell79@unesco.org
263;Ervin;Masser;emasser7a@php.net
264;Guendolen;Chapell;gchapell7b@reddit.com
265;Neda;Newvill;nnewvill7c@marriott.com
266;Cynthy;Mahood;cmahood7d@qq.com
267;Nilson;Glitherow;nglitherow7e@fotki.com
268;Adham;Berdale;aberdale7f@live.com
269;Mason;Mack;mmack7g@boston.com
270;Franciska;Beart;fbeart7h@bbb.org
271;Colette;Harmar;charmar7i@lycos.com
272;Kelly;Readshaw;kreadshaw7j@wix.com
273;Dalenna;Rennenbach;drennenbach7k@answers.com
274;Marilin;Posse;mposse7l@google.com
275;Avrit;Lemmen;alemmen7m@microsoft.com
276;Rogers;Spering;rspering7n@ehow.com
277;Flory;Longmate;flongmate7o@geocities.jp
278;Glad;Fardo;gfardo7p@tmall.com
279;Gretchen;Stean;gstean7q@mail.ru
280;Karlee;Samper;ksamper7r@myspace.com
281;Katherina;Chaffyn;kchaffyn7s@webeden.co.uk
282;Patrizius;Cordova;pcordova7t@youtube.com
283;Xaviera;Robley;xrobley7u@engadget.com
284;Erick;Evenett;eevenett7v@oakley.com
285;Kristos;Fransseni;kfransseni7w@acquirethisname.com
286;Antoni;Janacek;ajanacek7x@cnbc.com
287;Nathan;Rummings;nrummings7y@gov.uk
288;Reginald;Hirth;rhirth7z@slideshare.net
289;Garvy;Seywood;gseywood80@stumbleupon.com
290;Kristoforo;Pittway;kpittway81@friendfeed.com
291;Kai;Hawkyens;khawkyens82@is.gd
292;Pacorro;Gosswell;pgosswell83@cbslocal.com
293;Klaus;Dutton;kdutton84@google.fr
294;Florinda;Bleesing;fbleesing85@kickstarter.com
295;Karney;Sharrocks;ksharrocks86@java.com
296;Chelsey;Rippingale;crippingale87@cdc.gov
297;Yvette;Crambie;ycrambie88@army.mil
298;Gaylor;Olivella;golivella89@furl.net
299;Kellie;Eastam;keastam8a@infoseek.co.jp
300;Dyan;Costar;dcostar8b@businesswire.com
301;Paloma;Spiers;pspiers8c@usda.gov
302;Whit;Verdon;wverdon8d@xing.com
303;Almira;Shepeard;ashepeard8e@tumblr.com
304;Milissent;Tipperton;mtipperton8f@360.cn
305;August;Pahl;apahl8g@weebly.com
306;Micky;Richardes;mrichardes8h@barnesandnoble.com
307;Marne;O'Dogherty;modogherty8i@va.gov
308;Glenden;Skipp;gskipp8j@aboutads.info
309;Wally;Raffan;wraffan8k@instagram.com
310;Arvin;Brasse;abrasse8l@ucsd.edu
311;Carleen;Ansty;cansty8m@google.fr
312;Florance;Tassell;ftassell8n@ocn.ne.jp
313;Marie;Carlile;mcarlile8o@wisc.edu
314;Merwyn;Josselson;mjosselson8p@columbia.edu
315;Laura;Mendes;lmendes8q@alexa.com
316;Juditha;Jarritt;jjarritt8r@wsj.com
317;Rees;Bendel;rbendel8s@nyu.edu
318;Cliff;Allsopp;callsopp8t@sfgate.com
319;Zsazsa;Standring;zstandring8u@scientificamerican.com
320;Harbert;McDarmid;hmcdarmid8v@yale.edu
321;Agathe;Cattroll;acattroll8w@wunderground.com
322;Linnea;Gerriessen;lgerriessen8x@springer.com
323;Tresa;Seton;tseton8y@webnode.com
324;Scot;Mycock;smycock8z@upenn.edu
325;Lorelei;Gyrgorwicx;lgyrgorwicx90@youtube.com
326;Augusta;Cruces;acruces91@cpanel.net
327;Daryl;Kenryd;dkenryd92@usnews.com
328;Alvin;Poulston;apoulston93@ocn.ne.jp
329;Richmond;Demageard;rdemageard94@devhub.com
330;Blane;Cabane;bcabane95@odnoklassniki.ru
331;Yard;Ferrieri;yferrieri96@senate.gov
332;Marita;Moller;mmoller97@yolasite.com
333;Melinde;Tante;mtante98@ca.gov
334;Berenice;Stukings;bstukings99@cnbc.com
335;Kath;Brawley;kbrawley9a@sakura.ne.jp
336;Ludovico;Rainsbury;lrainsbury9b@smh.com.au
337;Floyd;Ramsby;framsby9c@paypal.com
338;Lillis;Boerder;lboerder9d@nba.com
339;Dixie;Button;dbutton9e@irs.gov
340;Robbie;Kinchington;rkinchington9f@51.la
341;Jacquenetta;Belden;jbelden9g@guardian.co.uk
342;Delmar;Pulfer;dpulfer9h@army.mil
343;Leonhard;Simmill;lsimmill9i@yellowbook.com
344;Donal;Jambrozek;djambrozek9j@elpais.com
345;Larisa;Loosmore;lloosmore9k@4shared.com
346;Nevin;Zebedee;nzebedee9l@google.fr
347;Freedman;Hapgood;fhapgood9m@tinypic.com
348;Griffy;Eltringham;geltringham9n@cbsnews.com
349;Sherwin;Thoms;sthoms9o@boston.com
350;Hyatt;Abramin;habramin9p@nyu.edu
351;Helyn;Skilton;hskilton9q@shinystat.com
352;Tobey;Inglese;tinglese9r@netvibes.com
353;Dmitri;Mundy;dmundy9s@tinypic.com
354;Lou;Valeri;lvaleri9t@youku.com
355;Findley;Arrol;farrol9u@infoseek.co.jp
356;Margarita;Halladey;mhalladey9v@mapy.cz
357;Andris;Andras;aandras9w@pbs.org
358;Sherwin;Enrigo;senrigo9x@auda.org.au
359;Elston;Weeds;eweeds9y@rakuten.co.jp
360;Kristian;Brunstan;kbrunstan9z@hud.gov
361;Hedvige;Errol;herrola0@jugem.jp
362;Martainn;Hammor;mhammora1@oaic.gov.au
363;Lanie;Eagles;leaglesa2@exblog.jp
364;Evelyn;Simoni;esimonia3@zimbio.com
365;Robinet;Gratland;rgratlanda4@cdbaby.com
366;Allister;Speere;aspeerea5@admin.ch
367;Ola;Kumaar;okumaara6@reuters.com
368;Dannye;Gerardin;dgerardina7@bizjournals.com
369;Alfred;Taylorson;ataylorsona8@wikipedia.org
370;Winfield;Fidock;wfidocka9@comsenz.com
371;Clio;Ethridge;cethridgeaa@theglobeandmail.com
372;Ellyn;Achromov;eachromovab@google.com
373;Nicoline;Dusting;ndustingac@gizmodo.com
374;Ruthe;Schwandner;rschwandnerad@stumbleupon.com
375;Claudius;MacHarg;cmachargae@pen.io
376;Bree;Simic;bsimicaf@bandcamp.com
377;Krissie;Carling;kcarlingag@weather.com
378;Basia;MacAskie;bmacaskieah@i2i.jp
379;Olivette;Randles;orandlesai@rediff.com
380;Dar;Nuscha;dnuschaaj@examiner.com
381;Harp;Tickle;htickleak@senate.gov
382;Benjie;Halston;bhalstonal@google.com
383;Jenn;Compson;jcompsonam@marketwatch.com
384;Jed;Jamson;jjamsonan@jugem.jp
385;Edee;Stobbes;estobbesao@huffingtonpost.com
386;Aluino;Stolberg;astolbergap@timesonline.co.uk
387;Onofredo;Castanos;ocastanosaq@ed.gov
388;Corabella;Scroxton;cscroxtonar@webmd.com
389;Stewart;Gentiry;sgentiryas@ucsd.edu
390;Karylin;Megany;kmeganyat@odnoklassniki.ru
391;Chantalle;Sallinger;csallingerau@bluehost.com
392;Selena;Stamper;sstamperav@whitehouse.gov
393;Steven;Capaldi;scapaldiaw@boston.com
394;Nonnah;Gomersall;ngomersallax@dmoz.org
395;Palm;Fifoot;pfifootay@nbcnews.com
396;Teena;Lessmare;tlessmareaz@washingtonpost.com
397;Leoine;Koppeck;lkoppeckb0@ted.com
398;Lloyd;Satterfitt;lsatterfittb1@photobucket.com
399;Sari;Trematick;strematickb2@blog.com
400;Granville;Norkutt;gnorkuttb3@51.la
401;Bendick;Ivy;bivyb4@tripod.com
402;Orland;Ducker;oduckerb5@google.nl
403;Torey;Rawcliffe;trawcliffeb6@huffingtonpost.com
404;Dyan;Lardner;dlardnerb7@webs.com
405;Idette;Novkovic;inovkovicb8@time.com
406;Lydia;Mumbray;lmumbrayb9@umn.edu
407;Finley;Jouhning;fjouhningba@topsy.com
408;Aurlie;Geist;ageistbb@statcounter.com
409;Tina;Andrusyak;tandrusyakbc@umich.edu
410;Ashleigh;Goodredge;agoodredgebd@free.fr
411;Gladys;Dominguez;gdominguezbe@joomla.org
412;Cody;McNeice;cmcneicebf@prlog.org
413;Levon;Begbie;lbegbiebg@4shared.com
414;Romola;Vanyard;rvanyardbh@techcrunch.com
415;Cosetta;Skyrm;cskyrmbi@webnode.com
416;Erek;Yurkiewicz;eyurkiewiczbj@nasa.gov
417;Jocelin;Kisby;jkisbybk@miitbeian.gov.cn
418;Mahmud;Yirrell;myirrellbl@typepad.com
419;Nannette;Wilne;nwilnebm@elegantthemes.com
420;Kimberlee;Twigley;ktwigleybn@sphinn.com
421;Collen;Jarrold;cjarroldbo@google.nl
422;Parker;Notti;pnottibp@jiathis.com
423;Gail;Beaushaw;gbeaushawbq@ycombinator.com
424;Vlad;Eglaise;veglaisebr@flickr.com
425;Perry;Palphramand;ppalphramandbs@theglobeandmail.com
426;Gwenni;Cashmore;gcashmorebt@domainmarket.com
427;Garret;Benit;gbenitbu@weather.com
428;Tricia;Husbands;thusbandsbv@jiathis.com
429;Delbert;D'Andrea;ddandreabw@whitehouse.gov
430;Drew;Jindra;djindrabx@shareasale.com
431;Bunni;Bulle;bbulleby@chronoengine.com
432;Tiphanie;Navaro;tnavarobz@msu.edu
433;Malissia;Leeburne;mleeburnec0@wunderground.com
434;Tonie;Breckell;tbreckellc1@si.edu
435;Adeline;Kayzer;akayzerc2@slideshare.net
436;Howie;Baythrop;hbaythropc3@netlog.com
437;Leila;Titchen;ltitchenc4@loc.gov
438;Christos;Glasscoo;cglasscooc5@timesonline.co.uk
439;Eliza;Fforde;effordec6@live.com
440;Vivien;Costelloe;vcostelloec7@jimdo.com
441;Carver;Stickells;cstickellsc8@github.io
442;Washington;Beedell;wbeedellc9@europa.eu
443;Symon;Rosenfeld;srosenfeldca@bloomberg.com
444;Gaylord;Kezar;gkezarcb@vinaora.com
445;Audrey;Frizell;afrizellcc@europa.eu
446;Alisun;Riddoch;ariddochcd@networksolutions.com
447;Walker;Friskey;wfriskeyce@fc2.com
448;Wilden;Plaistowe;wplaistowecf@sina.com.cn
449;Mozelle;Cunradi;mcunradicg@rakuten.co.jp
450;Craggie;Tuckwood;ctuckwoodch@1688.com
451;Retha;Martinovic;rmartinovicci@fc2.com
452;Cristine;Innett;cinnettcj@jimdo.com
453;Lou;Fewell;lfewellck@cnbc.com
454;Jozef;Kunath;jkunathcl@twitter.com
455;Ansel;Petschelt;apetscheltcm@topsy.com
456;Veriee;Edwinson;vedwinsoncn@altervista.org
457;Tobiah;Siret;tsiretco@hp.com
458;Belva;Wrigley;bwrigleycp@biblegateway.com
459;Courtney;De Domenicis;cdedomeniciscq@theguardian.com
460;Channa;Bedbrough;cbedbroughcr@godaddy.com
461;Thor;Loreit;tloreitcs@oakley.com
462;Aurelea;Sleney;asleneyct@sitemeter.com
463;Kalle;Cicchetto;kcicchettocu@example.com
464;Olympie;Asken;oaskencv@51.la
465;Jazmin;Kirman;jkirmancw@cornell.edu
466;Byran;Vail;bvailcx@parallels.com
467;Danni;Broe;dbroecy@hud.gov
468;Cecilla;Faragher;cfaraghercz@blogs.com
469;Wye;McCord;wmccordd0@comsenz.com
470;Olympia;Sherwin;osherwind1@cbc.ca
471;Findley;MacPike;fmacpiked2@eepurl.com
472;Averil;Pillington;apillingtond3@yale.edu
473;Boyd;Olivet;bolivetd4@google.com.au
474;Hilliard;Hansmann;hhansmannd5@amazonaws.com
475;Godard;Joynson;gjoynsond6@xrea.com
476;Haskell;Pitt;hpittd7@nbcnews.com
477;Brit;Austing;baustingd8@mac.com
478;Lebbie;Dredge;ldredged9@twitpic.com
479;Aurthur;Reubel;areubelda@psu.edu
480;Hinda;Stebbings;hstebbingsdb@spotify.com
481;Eileen;Tarrier;etarrierdc@ebay.co.uk
482;Sioux;Adamovicz;sadamoviczdd@mysql.com
483;Fonsie;McMaster;fmcmasterde@dell.com
484;Rosene;St Pierre;rstpierredf@examiner.com
485;Peta;Kemme;pkemmedg@netvibes.com
486;Irvine;Durgan;idurgandh@miitbeian.gov.cn
487;Wynnie;Fullom;wfullomdi@plala.or.jp
488;Zebedee;Cowlam;zcowlamdj@google.com.au
489;Amble;Snowling;asnowlingdk@wikia.com
490;Napoleon;Bonafant;nbonafantdl@typepad.com
491;Cash;Tollerfield;ctollerfielddm@cpanel.net
492;Yulma;Whyman;ywhymandn@booking.com
493;Leodora;Haryngton;lharyngtondo@github.io
494;Brandea;Clemonts;bclemontsdp@about.me
495;Olenolin;Laxston;olaxstondq@virginia.edu
496;Averil;Skittle;askittledr@last.fm
497;Granger;Maben;gmabends@fc2.com
498;Terri;Bampkin;tbampkindt@slideshare.net
499;Ann;Gethyn;agethyndu@tinypic.com
500;Hilary;Rippen;hrippendv@tumblr.com
501;Loydie;Iliff;liliffdw@netlog.com
502;Krista;McGonigal;kmcgonigaldx@omniture.com
503;Max;Test;mtestdy@apple.com
504;Kaiser;Barlie;kbarliedz@etsy.com
505;Livia;Lucy;llucye0@netscape.com
506;Rockey;Glackin;rglackine1@ycombinator.com
507;Sallyanne;Adess;sadesse2@storify.com
508;Ange;McGifford;amcgifforde3@guardian.co.uk
509;Clevie;Cunniffe;ccunniffee4@dagondesign.com
510;Caye;Cragg;ccragge5@gizmodo.com
511;Jacklyn;Bound;jbounde6@state.gov
512;Nadiya;Cornwell;ncornwelle7@blogspot.com
513;Giff;Checchetelli;gchecchetellie8@usatoday.com
514;Lily;Renn;lrenne9@scientificamerican.com
515;Bay;German;bgermanea@ca.gov
516;Horacio;Robjant;hrobjanteb@de.vu
517;Orelle;Blackadder;oblackadderec@wp.com
518;Luis;Ickovits;lickovitsed@nba.com
519;Ronald;Daniaud;rdaniaudee@eepurl.com
520;Milton;Scamal;mscamalef@soup.io
521;Pattie;Strongitharm;pstrongitharmeg@gnu.org
522;Sonnie;Wooldridge;swooldridgeeh@spiegel.de
523;Jasmine;Drover;jdroverei@sogou.com
524;Abelard;Greggs;agreggsej@mtv.com
525;Genovera;Schaumaker;gschaumakerek@tamu.edu
526;Ivory;McEneny;imcenenyel@geocities.jp
527;Jeffie;Iacovone;jiacovoneem@nifty.com
528;Constantina;Wasson;cwassonen@jigsy.com
529;Elissa;Gregorin;egregorineo@google.cn
530;Arlette;McConway;amcconwayep@lycos.com
531;Devin;Skone;dskoneeq@123-reg.co.uk
532;Gasparo;Frankish;gfrankisher@behance.net
533;Rosalinda;Lainton;rlaintones@dedecms.com
534;Barbie;Mylechreest;bmylechreestet@weather.com
535;Alessandra;Pople;apopleeu@rakuten.co.jp
536;Vonny;Langmuir;vlangmuirev@aol.com
537;Linn;Melwall;lmelwallew@skyrock.com
538;Lynna;Cabera;lcaberaex@youku.com
539;Twila;Gavrielly;tgavriellyey@geocities.jp
540;Perrine;Pebworth;ppebworthez@lycos.com
541;Gustavo;Daubeny;gdaubenyf0@xinhuanet.com
542;Thaine;Abramamov;tabramamovf1@meetup.com
543;Ervin;McKall;emckallf2@unesco.org
544;Isidro;Gibbe;igibbef3@ezinearticles.com
545;Nial;Yerbury;nyerburyf4@google.pl
546;Flemming;Greenwood;fgreenwoodf5@gov.uk
547;Enrica;Panner;epannerf6@timesonline.co.uk
548;Leroy;Solleme;lsollemef7@people.com.cn
549;Ivor;Monnery;imonneryf8@zdnet.com
550;Jesselyn;Duthy;jduthyf9@feedburner.com
551;Teddie;Loney;tloneyfa@epa.gov
552;Kailey;Ohrt;kohrtfb@biblegateway.com
553;Jarrett;Desbrow;jdesbrowfc@163.com
554;Siouxie;Copcote;scopcotefd@cafepress.com
555;Harv;Danton;hdantonfe@ehow.com
556;Celene;Dumbrall;cdumbrallff@webeden.co.uk
557;Melinde;Rickword;mrickwordfg@so-net.ne.jp
558;Eryn;Thies;ethiesfh@blogs.com
559;Boot;Deport;bdeportfi@vimeo.com
560;Andonis;Cormode;acormodefj@soundcloud.com
561;Wilhelm;Edward;wedwardfk@diigo.com
562;Verena;Manske;vmanskefl@indiegogo.com
563;Bram;Tonge;btongefm@springer.com
564;Ursa;Perrins;uperrinsfn@unc.edu
565;Karna;MacKim;kmackimfo@si.edu
566;Tamas;Carne;tcarnefp@ezinearticles.com
567;Elvera;Breslane;ebreslanefq@pen.io
568;Thedric;Blest;tblestfr@cloudflare.com
569;Arleyne;Mc Dermid;amcdermidfs@123-reg.co.uk
570;Hussein;Birchenhead;hbirchenheadft@pbs.org
571;Nealy;Jakaway;njakawayfu@blog.com
572;Maynord;Kapelhoff;mkapelhofffv@qq.com
573;Walker;Plimmer;wplimmerfw@mac.com
574;Janean;Parcell;jparcellfx@accuweather.com
575;Bobina;Shovlin;bshovlinfy@parallels.com
576;Ivett;Daybell;idaybellfz@census.gov
577;Krishna;Sappell;ksappellg0@mlb.com
578;Rebecka;Leggan;rleggang1@example.com
579;Shayne;Ferschke;sferschkeg2@infoseek.co.jp
580;Joyann;McDarmid;jmcdarmidg3@google.pl
581;Joscelin;Santino;jsantinog4@ycombinator.com
582;Skelly;Barbisch;sbarbischg5@joomla.org
583;Jerrine;Riches;jrichesg6@bbb.org
584;Feodor;Hovington;fhovingtong7@google.ca
585;Debbi;Nockolds;dnockoldsg8@theguardian.com
586;Cletus;Adnam;cadnamg9@amazon.com
587;Tad;Grahlman;tgrahlmanga@hatena.ne.jp
588;Morton;Gullberg;mgullberggb@mediafire.com
589;Tyne;Durrell;tdurrellgc@xing.com
590;Faydra;Mundell;fmundellgd@hubpages.com
591;Rog;Weinberg;rweinbergge@about.com
592;Britt;MacTrustram;bmactrustramgf@altervista.org
593;Thorny;Goodered;tgooderedgg@privacy.gov.au
594;Bernarr;Gianninotti;bgianninottigh@acquirethisname.com
595;Parke;Skirving;pskirvinggi@zdnet.com
596;Marnia;Bayles;mbaylesgj@rambler.ru
597;Prissie;Sherwen;psherwengk@nsw.gov.au
598;Jayson;Lecky;jleckygl@nbcnews.com
599;Bobbie;Greenan;bgreenangm@google.es
600;Jesse;Opie;jopiegn@trellian.com
601;Auroora;Allom;aallomgo@skype.com
602;Miquela;Draude;mdraudegp@ask.com
603;Garrott;Baraja;gbarajagq@npr.org
604;Andi;Pyrke;apyrkegr@elpais.com
605;Jessamyn;Vasenkov;jvasenkovgs@hhs.gov
606;Bale;Fosdick;bfosdickgt@pcworld.com
607;Pauletta;Arcase;parcasegu@360.cn
608;Karim;Hankin;khankingv@bing.com
609;Agretha;Alessandrucci;aalessandruccigw@github.com
610;Randene;McDermid;rmcdermidgx@utexas.edu
611;Elwyn;Westwater;ewestwatergy@nih.gov
612;Glendon;Ladon;gladongz@psu.edu
613;Dionysus;Di Meo;ddimeoh0@huffingtonpost.com
614;Rora;Silcocks;rsilcocksh1@cornell.edu
615;Colver;Burdoun;cburdounh2@phpbb.com
616;Olvan;Obbard;oobbardh3@about.com
617;Dalila;Bentjens;dbentjensh4@time.com
618;Nanni;Saffen;nsaffenh5@xrea.com
619;Korry;Shawyer;kshawyerh6@edublogs.org
620;Caleb;Poacher;cpoacherh7@bluehost.com
621;Teresa;Crole;tcroleh8@addthis.com
622;Miner;Berthelmot;mberthelmoth9@imdb.com
623;Ignacio;Minchell;iminchellha@noaa.gov
624;Tannie;Bogies;tbogieshb@howstuffworks.com
625;Margy;Munt;mmunthc@odnoklassniki.ru
626;Reyna;Morrish;rmorrishhd@mapquest.com
627;Ariadne;Mc Andrew;amcandrewhe@sina.com.cn
628;Jenilee;Biford;jbifordhf@narod.ru
629;Marjy;Scougal;mscougalhg@quantcast.com
630;Silvano;Sertin;ssertinhh@privacy.gov.au
631;Sandi;O'Crotty;socrottyhi@japanpost.jp
632;Roxana;O'Loughnan;roloughnanhj@github.com
633;Zola;Coucha;zcouchahk@sbwire.com
634;Elbertina;Trimmill;etrimmillhl@oracle.com
635;Lari;Gladebeck;lgladebeckhm@spiegel.de
636;Hayes;Greer;hgreerhn@marriott.com
637;Titus;Waller;twallerho@utexas.edu
638;Seth;Surgood;ssurgoodhp@pbs.org
639;Gregorius;Heintzsch;gheintzschhq@istockphoto.com
640;Kip;Caught;kcaughthr@angelfire.com
641;Jack;Paye;jpayehs@liveinternet.ru
642;Lynnell;Clamp;lclampht@webeden.co.uk
643;Lazarus;Cursons;lcursonshu@archive.org
644;Teddy;Bennitt;tbennitthv@wsj.com
645;Tina;Stidworthy;tstidworthyhw@pbs.org
646;Janette;Yanyshev;jyanyshevhx@sohu.com
647;Lissa;Dodgshon;ldodgshonhy@google.com.br
648;Noemi;Ferrario;nferrariohz@mozilla.org
649;Frederigo;Pranger;fprangeri0@hud.gov
650;Addison;Levins;alevinsi1@creativecommons.org
651;Orlan;Mantram;omantrami2@purevolume.com
652;Trix;Letcher;tletcheri3@hatena.ne.jp
653;Hilario;Cornau;hcornaui4@newyorker.com
654;Brook;Cavanaugh;bcavanaughi5@instagram.com
655;Elihu;Sivewright;esivewrighti6@aboutads.info
656;Derril;Immins;dimminsi7@shop-pro.jp
657;Elton;Storrie;estorriei8@shinystat.com
658;Manolo;Piesold;mpiesoldi9@bandcamp.com
659;Grayce;Christall;gchristallia@census.gov
660;Halsey;Berndsen;hberndsenib@free.fr
661;Wynnie;Tolcharde;wtolchardeic@unesco.org
662;Hercules;Roughey;hrougheyid@wikia.com
663;Ingram;Jahnisch;ijahnischie@google.ru
664;Tiffy;Balfe;tbalfeif@issuu.com
665;Oby;McMurty;omcmurtyig@columbia.edu
666;Alli;Mallender;amallenderih@over-blog.com
667;Ludvig;Scandwright;lscandwrightii@icio.us
668;Albrecht;Czaple;aczapleij@pen.io
669;Gilly;Stairmond;gstairmondik@abc.net.au
670;Jeromy;Casswell;jcasswellil@dedecms.com
671;Brandice;Fairlaw;bfairlawim@nymag.com
672;Pavlov;Ghirigori;pghirigoriin@mysql.com
673;Lalo;Binding;lbindingio@wikipedia.org
674;Marsiella;Ettels;mettelsip@wired.com
675;Rivy;Nichols;rnicholsiq@purevolume.com
676;Orbadiah;Parradine;oparradineir@thetimes.co.uk
677;Fifi;Nend;fnendis@ycombinator.com
678;Reinaldo;McGeffen;rmcgeffenit@i2i.jp
679;Lu;Kagan;lkaganiu@blogs.com
680;Brien;Gever;bgeveriv@go.com
681;Elston;Alti;ealtiiw@pagesperso-orange.fr
682;Gianina;Ivanchin;givanchinix@nyu.edu
683;Hank;Byfford;hbyffordiy@photobucket.com
684;Clayton;Kuzma;ckuzmaiz@epa.gov
685;Paloma;McMychem;pmcmychemj0@wikia.com
686;Pia;Valti;pvaltij1@bizjournals.com
687;Axel;Davidove;adavidovej2@smh.com.au
688;Chelsie;Peacey;cpeaceyj3@naver.com
689;Lane;Spancock;lspancockj4@t.co
690;Krystalle;Boundy;kboundyj5@vistaprint.com
691;Tallie;Dumbrill;tdumbrillj6@businessinsider.com
692;Rhonda;Jedrychowski;rjedrychowskij7@google.com
693;Sutherland;Aburrow;saburrowj8@guardian.co.uk
694;Daisi;Kliesl;dklieslj9@narod.ru
695;Starlene;McCourtie;smccourtieja@illinois.edu
696;Ronda;Alldread;ralldreadjb@ehow.com
697;Lucille;Yeats;lyeatsjc@a8.net
698;Waverley;Sprason;wsprasonjd@oaic.gov.au
699;Devora;Kadd;dkaddje@zimbio.com
700;Pebrook;Eldered;pelderedjf@tripadvisor.com
701;Elna;Asmus;easmusjg@nymag.com
702;Jerrine;Asplen;jasplenjh@cisco.com
703;Hester;Harhoff;hharhoffji@deliciousdays.com
704;Axel;Itskovitz;aitskovitzjj@tinyurl.com
705;Vincents;Nangle;vnanglejk@sciencedaily.com
706;Rube;Wallsworth;rwallsworthjl@ibm.com
707;Gabriello;Dayes;gdayesjm@imageshack.us
708;Lena;Wombwell;lwombwelljn@123-reg.co.uk
709;Shelby;McClymond;smcclymondjo@rakuten.co.jp
710;Genevieve;Puzey;gpuzeyjp@hibu.com
711;Bettye;Hanratty;bhanrattyjq@w3.org
712;Karine;Myner;kmynerjr@symantec.com
713;Moreen;Stair;mstairjs@topsy.com
714;Mile;Lyman;mlymanjt@instagram.com
715;Eberto;Marle;emarleju@columbia.edu
716;Kristen;Hixson;khixsonjv@discuz.net
717;Britt;Arbor;barborjw@ycombinator.com
718;Rubina;Labrenz;rlabrenzjx@barnesandnoble.com
719;Angelo;Gres;agresjy@deviantart.com
720;Bobbee;Christal;bchristaljz@google.es
721;Salomon;Trenfield;strenfieldk0@unicef.org
722;Grannie;Vakhrushin;gvakhrushink1@infoseek.co.jp
723;Corney;Lidster;clidsterk2@merriam-webster.com
724;Margarita;Maclaine;mmaclainek3@blogs.com
725;Edgardo;Hender;ehenderk4@dailymail.co.uk
726;Amabelle;Cartmale;acartmalek5@alexa.com
727;Torrin;Bax;tbaxk6@hc360.com
728;Nessi;Holt;nholtk7@craigslist.org
729;Fonz;Mepsted;fmepstedk8@pinterest.com
730;Bonnie;Rennicks;brennicksk9@ft.com
731;Ozzie;Kirstein;okirsteinka@xinhuanet.com
732;Audrie;Kilbourn;akilbournkb@paypal.com
733;Rhys;Ferri;rferrikc@vimeo.com
734;Marguerite;Twinbourne;mtwinbournekd@cbsnews.com
735;Cherlyn;Fellona;cfellonake@mysql.com
736;Minor;Youthead;myoutheadkf@posterous.com
737;Mariette;Ballendine;mballendinekg@prnewswire.com
738;Adriane;Obington;aobingtonkh@washington.edu
739;Amalle;Ridel;aridelki@privacy.gov.au
740;Juliet;Clyde;jclydekj@ucsd.edu
741;Greg;Bastock;gbastockkk@jigsy.com
742;Fifine;Wiltshier;fwiltshierkl@comsenz.com
743;Baron;Relph;brelphkm@networksolutions.com
744;Andi;Spindler;aspindlerkn@geocities.jp
745;Tiffie;Surplice;tsurpliceko@myspace.com
746;Rinaldo;Ovens;rovenskp@yelp.com
747;Jacklin;Mattin;jmattinkq@baidu.com
748;Neville;Quinane;nquinanekr@free.fr
749;Jeth;Bonnet;jbonnetks@cisco.com
750;Lynna;Antonignetti;lantonignettikt@engadget.com
751;Janek;Stranger;jstrangerku@scribd.com
752;Vassily;Leese;vleesekv@reverbnation.com
753;Keely;Sambedge;ksambedgekw@google.com.au
754;Kym;Klimus;kklimuskx@cdbaby.com
755;Claudia;Doldon;cdoldonky@surveymonkey.com
756;Valentine;Lain;vlainkz@myspace.com
757;Simeon;McSpirron;smcspirronl0@indiegogo.com
758;Haley;Ottewill;hottewilll1@state.gov
759;Lazarus;Gerold;lgeroldl2@imdb.com
760;Bartolemo;Robley;brobleyl3@jiathis.com
761;Jessy;Endley;jendleyl4@smugmug.com
762;Madelle;Vannah;mvannahl5@reuters.com
763;Winnie;Oby;wobyl6@nsw.gov.au
764;Brit;Janata;bjanatal7@biblegateway.com
765;Kirk;McSherry;kmcsherryl8@joomla.org
766;Nikita;Labrom;nlabroml9@eepurl.com
767;Clair;Yashunin;cyashuninla@parallels.com
768;Renault;Dranfield;rdranfieldlb@globo.com
769;Nico;Brain;nbrainlc@smugmug.com
770;Gretchen;Fairclough;gfaircloughld@vk.com
771;Melly;Candie;mcandiele@loc.gov
772;Melodee;McWhinnie;mmcwhinnielf@chron.com
773;Paddie;Nornable;pnornablelg@sphinn.com
774;Emmett;Itzik;eitziklh@wired.com
775;Brok;Zuann;bzuannli@dell.com
776;Kelvin;Krzysztof;kkrzysztoflj@ibm.com
777;Nanci;Spon;nsponlk@trellian.com
778;Edith;Snuggs;esnuggsll@businesswire.com
779;Aloise;Randal;arandallm@blogs.com
780;Vale;Ladel;vladelln@fda.gov
781;Constantin;Briscoe;cbriscoelo@archive.org
782;Willy;Izzatt;wizzattlp@state.gov
783;Alameda;Tinmouth;atinmouthlq@mysql.com
784;Theodora;Marusyak;tmarusyaklr@shinystat.com
785;Madelaine;Spooner;mspoonerls@stumbleupon.com
786;Latrena;Bechley;lbechleylt@live.com
787;Selena;Winsome;swinsomelu@furl.net
788;Wernher;Jeanes;wjeaneslv@pen.io
789;Berky;Hindsberg;bhindsberglw@parallels.com
790;Mal;Warn;mwarnlx@smugmug.com
791;Hubey;Bullent;hbullently@php.net
792;Cullan;Kubek;ckubeklz@flavors.me
793;Katti;Bruckman;kbruckmanm0@nationalgeographic.com
794;Nada;Primmer;nprimmerm1@wikispaces.com
795;Harman;Lawlie;hlawliem2@msu.edu
796;Abigale;Dillinton;adillintonm3@flavors.me
797;Aubrette;Stather;astatherm4@booking.com
798;Douglas;Syme;dsymem5@ning.com
799;Wood;Camili;wcamilim6@desdev.cn
800;Xena;McRill;xmcrillm7@wix.com
801;Ailyn;Strutt;astruttm8@blogspot.com
802;Rozalie;Travis;rtravism9@psu.edu
803;Tailor;Gerish;tgerishma@printfriendly.com
804;Gerome;Beausang;gbeausangmb@chicagotribune.com
805;Katusha;Reichelt;kreicheltmc@github.io
806;Hyacintha;Goodfield;hgoodfieldmd@virginia.edu
807;Ky;Birdwistle;kbirdwistleme@mysql.com
808;Errol;Exrol;eexrolmf@fda.gov
809;Noble;Matasov;nmatasovmg@bigcartel.com
810;Tan;Chewter;tchewtermh@addthis.com
811;Tom;Gavey;tgaveymi@webeden.co.uk
812;Nikolai;Ivatts;nivattsmj@ebay.com
813;Jim;Youngs;jyoungsmk@bloglines.com
814;Brett;Barmby;bbarmbyml@vkontakte.ru
815;Conroy;Tolchard;ctolchardmm@altervista.org
816;Evie;Shilburne;eshilburnemn@trellian.com
817;Del;Scoyne;dscoynemo@dailymail.co.uk
818;Ransell;Beadon;rbeadonmp@fastcompany.com
819;Phoebe;Seeman;pseemanmq@linkedin.com
820;Janey;Cawker;jcawkermr@oaic.gov.au
821;Oralle;Trenam;otrenamms@about.com
822;Irina;Shortcliffe;ishortcliffemt@nifty.com
823;Lyndel;Backen;lbackenmu@yelp.com
824;Gardie;Aingel;gaingelmv@mayoclinic.com
825;Kristyn;Fike;kfikemw@phoca.cz
826;Julie;Vasilischev;jvasilischevmx@hibu.com
827;Dre;Prettejohns;dprettejohnsmy@booking.com
828;Stearne;Kelledy;skelledymz@dropbox.com
829;Hadlee;Newband;hnewbandn0@posterous.com
830;Quint;Bakewell;qbakewelln1@etsy.com
831;Orbadiah;Scammell;oscammelln2@hibu.com
832;Archibaldo;Pinsent;apinsentn3@imageshack.us
833;Delaney;Heathwood;dheathwoodn4@marriott.com
834;Lindsy;Schuck;lschuckn5@facebook.com
835;Carena;Vondrach;cvondrachn6@seesaa.net
836;Albert;Cuerda;acuerdan7@sfgate.com
837;Mervin;Bagnal;mbagnaln8@purevolume.com
838;Hinze;Pocklington;hpocklingtonn9@aboutads.info
839;Aurthur;Humphris;ahumphrisna@theglobeandmail.com
840;Petr;McAline;pmcalinenb@sohu.com
841;Patty;Pickthorn;ppickthornnc@webnode.com
842;Luise;Foulks;lfoulksnd@miibeian.gov.cn
843;Jerry;Tittershill;jtittershillne@archive.org
844;Hardy;Antao;hantaonf@liveinternet.ru
845;Domini;Wood;dwoodng@bandcamp.com
846;Kylila;Konig;kkonignh@bbb.org
847;Lurette;McGreal;lmcgrealni@fc2.com
848;Lonee;Ladell;lladellnj@bbc.co.uk
849;Georges;Anney;ganneynk@time.com
850;Claus;Yeskov;cyeskovnl@seattletimes.com
851;Antonius;McClaurie;amcclaurienm@goodreads.com
852;Pete;Schruyer;pschruyernn@soup.io
853;Ave;Paddick;apaddickno@shareasale.com
854;Cristy;Fawdery;cfawderynp@ucla.edu
855;Claybourne;Aspel;caspelnq@hao123.com
856;Coriss;Riddel;criddelnr@hud.gov
857;Winne;Gert;wgertns@howstuffworks.com
858;Ruprecht;Salzen;rsalzennt@globo.com
859;Burgess;Lorryman;blorrymannu@msu.edu
860;Eimile;Vallentin;evallentinnv@i2i.jp
861;Rufus;Idney;ridneynw@kickstarter.com
862;Kimberli;Gillies;kgilliesnx@mtv.com
863;Hi;Lambe;hlambeny@businesswire.com
864;Ketti;Bernardt;kbernardtnz@tinyurl.com
865;Bob;Bengochea;bbengocheao0@tumblr.com
866;Laurence;Beddin;lbeddino1@indiegogo.com
867;Antons;Giocannoni;agiocannonio2@skyrock.com
868;Deina;Ritmeier;dritmeiero3@nyu.edu
869;Gal;Gounard;ggounardo4@mashable.com
870;Roz;McArthur;rmcarthuro5@xing.com
871;Frederica;O'Fogarty;fofogartyo6@uol.com.br
872;Chrissie;Elcott;celcotto7@etsy.com
873;Min;Josef;mjosefo8@vkontakte.ru
874;Frasquito;Seid;fseido9@ow.ly
875;Emory;Harkins;eharkinsoa@alexa.com
876;Jakie;Lawey;jlaweyob@independent.co.uk
877;Amie;Bartoszek;abartoszekoc@si.edu
878;Fionna;Stanbridge;fstanbridgeod@time.com
879;Lew;Nisard;lnisardoe@dion.ne.jp
880;Traci;Sapwell;tsapwellof@over-blog.com
881;Nester;Calvert;ncalvertog@friendfeed.com
882;Madison;Mariault;mmariaultoh@bluehost.com
883;Herculie;Maile;hmaileoi@dot.gov
884;Dorette;Cormack;dcormackoj@mashable.com
885;Beryl;Kensitt;bkensittok@opera.com
886;Burl;Elliker;bellikerol@shinystat.com
887;Paola;Penrith;ppenrithom@istockphoto.com
888;Dean;Darton;ddartonon@china.com.cn
889;Norrie;Anshell;nanshelloo@earthlink.net
890;Miles;McCart;mmccartop@chicagotribune.com
891;Sly;Goldes;sgoldesoq@soup.io
892;Jehu;Bugg;jbuggor@independent.co.uk
893;Marta;Nunn;mnunnos@discovery.com
894;Fremont;Heaselgrave;fheaselgraveot@tuttocitta.it
895;Ozzy;Foxten;ofoxtenou@state.tx.us
896;Gradey;Garard;ggarardov@lycos.com
897;Brewster;Fruser;bfruserow@mtv.com
898;Buiron;Barlie;bbarlieox@thetimes.co.uk
899;Kenny;MacLennan;kmaclennanoy@elpais.com
900;Torin;Gorch;tgorchoz@amazon.co.uk
901;Clerissa;Caunce;ccauncep0@phoca.cz
902;Nels;Dow;ndowp1@vinaora.com
903;Maura;Manklow;mmanklowp2@furl.net
904;Blaire;Hogben;bhogbenp3@over-blog.com
905;Sheila-kathryn;Cleugher;scleugherp4@cnbc.com
906;Andrej;Cleft;acleftp5@google.com.hk
907;Hannie;Cumo;hcumop6@wired.com
908;Adelice;Huton;ahutonp7@odnoklassniki.ru
909;Kingsly;Pyecroft;kpyecroftp8@scientificamerican.com
910;Farlie;Siuda;fsiudap9@imageshack.us
911;Reamonn;Nettles;rnettlespa@tmall.com
912;Yank;Foulstone;yfoulstonepb@printfriendly.com
913;Riordan;Hannen;rhannenpc@redcross.org
914;Clarissa;Lemon;clemonpd@cnet.com
915;Jacquenette;Foulds;jfouldspe@usda.gov
916;Darda;Nares;dnarespf@usgs.gov
917;Herve;St. Quentin;hstquentinpg@discovery.com
918;Sofia;Ridel;sridelph@businessinsider.com
919;Carlin;Farrand;cfarrandpi@dmoz.org
920;Dirk;Woodroof;dwoodroofpj@imgur.com
921;Roderich;Gooms;rgoomspk@google.fr
922;Wakefield;Stroulger;wstroulgerpl@dailymotion.com
923;Alta;Costellow;acostellowpm@amazon.co.uk
924;Sigismond;Pixton;spixtonpn@wiley.com
925;Luisa;Issard;lissardpo@gravatar.com
926;Edithe;Varley;evarleypp@trellian.com
927;Darrelle;Blunsom;dblunsompq@un.org
928;Sheila-kathryn;Waadenburg;swaadenburgpr@fotki.com
929;Ciel;Lerohan;clerohanps@spotify.com
930;Barclay;Escalera;bescalerapt@businesswire.com
931;Bobbe;Dicker;bdickerpu@un.org
932;Wanids;Blunderfield;wblunderfieldpv@csmonitor.com
933;Harlin;Sandland;hsandlandpw@prweb.com
934;Bat;Gennings;bgenningspx@sun.com
935;Elisha;Lonie;eloniepy@rambler.ru
936;Jan;Garrand;jgarrandpz@webs.com
937;Aindrea;Jorcke;ajorckeq0@yahoo.com
938;Aindrea;McCallion;amccallionq1@icq.com
939;Loretta;Tarn;ltarnq2@scientificamerican.com
940;Dolli;Rhubottom;drhubottomq3@about.com
941;Anabal;Featley;afeatleyq4@skyrock.com
942;Gran;Ingle;gingleq5@craigslist.org
943;Land;Brunsen;lbrunsenq6@narod.ru
944;Bradford;Gwioneth;bgwionethq7@privacy.gov.au
945;Baryram;Bryce;bbryceq8@chronoengine.com
946;Leena;Jubb;ljubbq9@howstuffworks.com
947;Tristan;Pride;tprideqa@imageshack.us
948;Cammi;Labba;clabbaqb@irs.gov
949;Hart;Madgwick;hmadgwickqc@icio.us
950;Eloise;Fasey;efaseyqd@moonfruit.com
951;Gino;Billinge;gbillingeqe@arizona.edu
952;Bordy;Pincked;bpinckedqf@lulu.com
953;Wyndham;Chittenden;wchittendenqg@rambler.ru
954;Sandor;McNeillie;smcneillieqh@google.com.br
955;Heath;Joannet;hjoannetqi@loc.gov
956;Morna;Neave;mneaveqj@aol.com
957;Charlotte;Delaney;cdelaneyqk@creativecommons.org
958;Cornie;Pail;cpailql@pcworld.com
959;Tristam;Warhurst;twarhurstqm@pinterest.com
960;Milka;Trunby;mtrunbyqn@google.co.jp
961;Cornie;Laminman;claminmanqo@msn.com
962;Maible;Skaid;mskaidqp@howstuffworks.com
963;Eli;Sibyllina;esibyllinaqq@blogtalkradio.com
964;Torre;Acome;tacomeqr@dagondesign.com
965;Delano;Solly;dsollyqs@homestead.com
966;Phylis;Aldus;paldusqt@lycos.com
967;Faustine;Gatward;fgatwardqu@posterous.com
968;Adrienne;Zylberdik;azylberdikqv@bloglines.com
969;Sandy;Folcarelli;sfolcarelliqw@google.cn
970;Paulina;Goscomb;pgoscombqx@hao123.com
971;Sophronia;Baldazzi;sbaldazziqy@wunderground.com
972;Boony;Baskerville;bbaskervilleqz@utexas.edu
973;Jacenta;Littleproud;jlittleproudr0@istockphoto.com
974;Cheryl;Abad;cabadr1@printfriendly.com
975;Bryna;McIleen;bmcileenr2@discuz.net
976;Mala;Claiton;mclaitonr3@cloudflare.com
977;Shannon;Muckloe;smuckloer4@hp.com
978;Frederick;Sutcliffe;fsutcliffer5@wp.com
979;Matty;Gerriet;mgerrietr6@noaa.gov
980;Dene;Simcoe;dsimcoer7@cnet.com
981;Dukie;Suart;dsuartr8@tmall.com
982;Romeo;Leney;rleneyr9@shutterfly.com
983;Evaleen;Yourell;eyourellra@privacy.gov.au
984;Zared;Stocking;zstockingrb@marriott.com
985;Beth;Vamplew;bvamplewrc@hatena.ne.jp
986;Teriann;Weaben;tweabenrd@dell.com
987;Cecil;Purtell;cpurtellre@mozilla.com
988;Ernest;O'Luney;eoluneyrf@umich.edu
989;Winne;Cline;wclinerg@sciencedirect.com
990;Levi;Koba;lkobarh@dailymail.co.uk
991;Olly;Alekseicik;oalekseicikri@ucoz.com
992;Ado;Windless;awindlessrj@uol.com.br
993;Maryanne;Depke;mdepkerk@last.fm
994;Orly;Rahlof;orahlofrl@ycombinator.com
995;Brit;Hagstone;bhagstonerm@eventbrite.com
996;Gard;Brabbins;gbrabbinsrn@seesaa.net
997;Logan;O'Heagertie;loheagertiero@edublogs.org
998;Lyle;Brisse;lbrisserp@ovh.net
999;Bank;Wycliffe;bwyclifferq@amazonaws.com
1000;Sheila;Kunze;skunzerr@ning.com
